18.004894256591797,1D,16,16
18.94068717956543,1D,32,32
17.7762508392334,1D,64,64
16.412019729614258,1D,128,128
16.011714935302734,1D,256,256
17.142772674560547,1D,512,512
15.448331832885742,1D,1024,1024
19.702672958374023,2D,16,4:4
18.23735237121582,2D,32,4:8
18.509864807128906,2D,32,8:4
14.628887176513672,2D,64,8:8
19.08254623413086,2D,256,16:16
24.188518524169922,2D,1024,32:32
12.941598892211914,1D,16,16
11.732816696166992,1D,32,32
13.096332550048828,1D,64,64
16.864299774169922,1D,128,128
11.888265609741211,1D,256,256
11.462211608886719,1D,512,512
12.926101684570312,1D,1024,1024
20.2791690826416,2D,16,4:4
13.685941696166992,2D,32,4:8
16.007661819458008,2D,32,8:4
15.430212020874023,2D,64,8:8
17.885208129882812,2D,256,16:16
24.945735931396484,2D,1024,32:32
13.292551040649414,1D,16,16
12.10641860961914,1D,32,32
11.386871337890625,1D,64,64
12.051105499267578,1D,128,128
12.669563293457031,1D,256,256
15.625476837158203,1D,512,512
12.470722198486328,1D,1024,1024
18.43714714050293,2D,16,4:4
16.066551208496094,2D,32,4:8
17.925739288330078,2D,32,8:4
15.387296676635742,2D,64,8:8
18.28789710998535,2D,256,16:16
24.628162384033203,2D,1024,32:32
